Name,Maths,Science,English,Attendance,Total_Marks,Average_Marks,Performance,Risk_Level,Predicted_Average_Marks
Ishaan,39,42,35,68,116,38.666666666666664,Fail,High Risk,53.05079142832878
Ritvik,49,53,45,66,147,49.0,Fail,High Risk,50.20355915401606
Om,35,38,40,60,113,37.666666666666664,Fail,High Risk,41.66186233107791
Pari,47,50,49,67,146,48.666666666666664,Fail,High Risk,51.62717529117242
Kavya,44,46,48,63,138,46.0,Fail,High Risk,45.93271074254699
Dev,46,49,51,65,146,48.666666666666664,Fail,High Risk,48.779943016859704
Tejas,43,45,47,62,135,45.0,Fail,High Risk,44.50909460539063
Abhay,47,49,50,64,146,48.666666666666664,Fail,High Risk,47.356326879703346
Prince,44,46,48,63,138,46.0,Fail,High Risk,45.93271074254699
